	id	text	lemma_tokens	topic_id	topic_keywords	score	all_scores_0	all_scores_1	all_scores_2	all_scores_3	all_scores_4	principal component 1	principal component 2
0	1579318298684297216	la patie girl power! non masterclass #avengersendgame	{'avengersendgame', 'masterclass', 'patie', 'non', 'la', 'girl', 'power'}	2	{'avengersendgame'}	0.5950744	0.3169231712818146	0.02925269305706024	0.5950744152069092	0.029097096994519234	0.029652651399374008	-1.4388367259211299	-0.6162927785147546
1	1579280105083654144	why would you take the time to air #avengersendgame on network tv and cut off the curtain call scenes of all the mcu characters!?	{'avengersendgame', 'character', 'air', 'mcu', 'time', 'curtain', 'scene', 'network', 'cut', 'tv'}	4	set()	0.5831364	0.20220637321472168	0.018564563244581223	0.018618742004036903	0.17747396230697632	0.5831363797187805	-0.3743742225117534	1.4221292451827192
2	1579275857289482241	just watched #avengersendgame yet again and cried just as hard at the end as i have the first time i saw it. #everytime	{'avengersendgame', 'watch', 'end', 'time', 'see', 'hard', 'everytime', 'cry'}	2	{'avengersendgame', 'watch'}	0.9095846	0.022517584264278412	0.022904761135578156	0.9095845818519592	0.022483106702566147	0.02250993624329567	-1.8690203238715988	-1.4898624046675562
3	1579271231366660096	just watched the tony stark death scene in endgame for the 57,00th time and it still gets very dusty. #avengersendgame #tonystark #mcu	{'avengersendgame', 'watch', 'tonystark', 'mcu', 'stark', 'time', 'scene', 'tony', 'endgame', '57,00th', 'dusty', 'get', 'death'}	2	{'avengersendgame', 'watch'}	0.77898264	0.015560146421194077	0.17413340508937836	0.7789826393127441	0.015629103407263756	0.015694715082645416	-1.2502707740292367	-1.5100465125785376
4	1579254828521250816	just realized jean grey was responsible for what happen in the last avengers #xmen #avengersendgame #avengers #marvel #marvelstudios	{'xmen', 'avengersendgame', 'marvel', 'happen', 'marvelstudio', 'avenger', 'grey', 'responsible', 'realize', 'jean'}	4	{'marvel'}	0.67993426	0.01702369563281536	0.01689019240438938	0.2691381275653839	0.01701372303068638	0.6799342632293701	-0.880424169286714	0.6401663719153846
5	1579237922674704384	thor, captain et iron man ensemble #avengersendgame	{'avengersendgame', 'ensemble', 'man', 'captain', 'thor', 'et', 'iron'}	2	{'avengersendgame', 'thor'}	0.75521344	0.025271305814385414	0.025130510330200195	0.7552134394645691	0.02676832303404808	0.16761639714241028	-1.6161241611261916	-0.987597989500739
6	1579232740662456320	peggy et steve #avengersendgame	{'avengersendgame', 'et', 'steve', 'peggy'}	2	{'avengersendgame'}	0.8385145	0.04049808159470558	0.040122829377651215	0.838514506816864	0.04068160802125931	0.040182944387197495	-1.6964491030028468	-1.3099404992187347
7	1579231674889834496	steve #avengersendgame	{'avengersendgame', 'steve'}	2	{'avengersendgame'}	0.7310961	0.06827648729085922	0.06674794852733612	0.731096088886261	0.06696433573961258	0.0669151321053505	-1.4353834797189107	-1.040499626214403
8	1579231625527054337	"\- don't do anything stupid until i get back - how can i ? you took all the stupid with you?\"" #avengersendgame"""	{'avengersendgame', 'stupid', 'you?\\', 'take'}	2	{'avengersendgame'}	0.8656114	0.0336868055164814	0.033578842878341675	0.8656113743782043	0.033640213310718536	0.03348274901509285	-1.7623059575519073	-1.378657310329608
9	1579230835748016128	tony stark #avengersendgame	{'tony', 'avengersendgame', 'stark'}	2	{'avengersendgame'}	0.7986714	0.05072074383497238	0.05004369467496872	0.7986714243888855	0.050245825201272964	0.05031823366880417	-1.599653906072337	-1.2101571252147336
10	1579230052478517248	rendez nous tony stark #avengersendgame	{'avengersendgame', 'nous', 'rendez', 'tony', 'stark'}	2	{'avengersendgame'}	0.79868996	0.050702665001153946	0.05004368722438812	0.7986899614334106	0.05024571716785431	0.05031801760196686	-1.5996778009949875	-1.2102090556314669
11	1579229752220868609	i love you 3000 #avengersendgame	{'love', 'avengersendgame', '3000'}	0	{'avengersendgame'}	0.7978502	0.7978501915931702	0.05048404261469841	0.05122590810060501	0.050202660262584686	0.050237175077199936	-0.6482370966174719	0.8808451674554484
12	1579229743576100864	i love you 3000 #avengersendgame	{'love', 'avengersendgame', '3000'}	0	{'avengersendgame'}	0.7978394	0.7978394031524658	0.05048411339521408	0.05123656243085861	0.050202686339616776	0.050237204879522324	-0.6482503738686604	0.8808151971072162
13	1579229280110014466	heart broken #avengersendgame	{'avengersendgame', 'heart', 'break'}	0	{'avengersendgame'}	0.7968252	0.7968251705169678	0.050690896809101105	0.05184923857450485	0.050371553748846054	0.05026315525174141	-0.6481640554512954	0.8787381583628686
14	1579229276813262849	tony #avengersendgame	{'tony', 'avengersendgame'}	2	{'avengersendgame'}	0.73117065	0.06822564452886581	0.06675135344266891	0.731170654296875	0.06704019010066986	0.06681220233440399	-1.4353990159038992	-1.0407050591615217
15	1579229161335332864	tony stark deserved better #avengersendgame #tonystark	{'avengersendgame', 'tonystark', 'deserve', 'tony', 'well', 'stark'}	2	{'avengersendgame'}	0.8844694	0.02881910838186741	0.028795180842280388	0.8844693899154663	0.02884945459663868	0.029066866263747215	-1.8086224136152576	-1.4256954716970793
16	1579228868732649473	"\we won..we won mr.stark..\"" #avengersendgame"""	{'mr.stark', 'avengersendgame', 'win', '\\we'}	3	set()	0.86438125	0.03467462956905365	0.03344407305121422	0.034079547971487045	0.8643812537193298	0.03342049941420555	0.39147741721781004	1.637957015618972
17	1579228642257022976	rip tony stark #avengersendgame	{'tony', 'avengersendgame', 'rip', 'stark'}	2	{'avengersendgame'}	0.83914024	0.04044588655233383	0.04007204622030258	0.8391402363777161	0.040143050253391266	0.04019881412386894	-1.6981067946339998	-1.312004048423594
18	1579228558064775168	tony stark est mort #avengersendgame	{'avengersendgame', 'stark', 'tony', 'mort', 'est'}	2	{'avengersendgame'}	0.605308	0.0405435785651207	0.04016036167740822	0.6053079962730408	0.2736584544181824	0.040329575538635254	-1.0921411244256043	-0.46403122368161304
19	1579228219097907200	on t'aime tony #avengersendgame	"{'tony', ""t'aime"", 'avengersendgame'}"	0	{'avengersendgame'}	0.53749233	0.5374923348426819	0.05004875361919403	0.3115004897117615	0.050229690968990326	0.050728701055049896	-0.9802462543913284	0.15366148190426793
20	1579228171635130370	rip tony #avengersendgame	{'tony', 'avengersendgame', 'rip'}	2	{'avengersendgame'}	0.7988591	0.05075269192457199	0.05011996626853943	0.7988591194152832	0.050176095217466354	0.050092123448848724	-1.5998195447138557	-1.2110426483211052
21	1579227727466729472	thanos . #avengersendgame	{'avengersendgame', 'thano'}	0	{'avengersendgame'}	0.73054147	0.730541467666626	0.06672827899456024	0.06833978742361069	0.06711418181657791	0.06727626174688339	-0.5926444558837207	0.814974682848232
22	1579227610399113216	girl power #avengersendgame	{'avengersendgame', 'girl', 'power'}	0	{'avengersendgame'}	0.7960584	0.7960584163665771	0.05045907199382782	0.051924459636211395	0.05034961551427841	0.05120845139026642	-0.6487119431878425	0.8795569019837379
23	1579227344215998464	girl power #avengersendgame	{'avengersendgame', 'girl', 'power'}	0	{'avengersendgame'}	0.79610944	0.7961094379425049	0.050458889454603195	0.05187451094388962	0.05034947395324707	0.05120772123336792	-0.6486494324931074	0.8796967074867384
24	1579227286955388928	captain marvel #avengersendgame	{'marvel', 'avengersendgame', 'captain'}	2	{'avengersendgame'}	0.7962268	0.05072479695081711	0.05060092732310295	0.7962267994880676	0.050880830734968185	0.051566679030656815	-1.5936185062469808	-1.2035549300912898
25	1579227219443924993	carol!!! trop forte #avengersendgame	{'avengersendgame', 'trop', 'forte', 'carol'}	2	{'avengersendgame'}	0.7314148	0.06807290017604828	0.0667412057518959	0.731414794921875	0.06696345657110214	0.06680761277675629	-1.4358431737260182	-1.041429138942975
26	1579226486716116993	wandaaaa ma go sureeee #avengersendgame	{'avengersendgame', 'wandaaaa', 'sureeee', 'ma'}	0	{'avengersendgame'}	0.7287919	0.7287918925285339	0.06672743707895279	0.06750184297561646	0.06690457463264465	0.07007429748773575	-0.5910069415440974	0.8185398971342986
27	1579226477157310465	wandaaaaaa #avengersendgame	{'avengersendgame', 'wandaaaaaa'}	0	{'avengersendgame'}	0.59530574	0.5953057408332825	0.1002059131860733	0.10326194018125534	0.100835420191288	0.1003909781575203	-0.4797356453951278	0.6782627544156101
28	1579226430646677504	puree wandaaaaaaaaaa #avengersendgame	{'puree', 'avengersendgame', 'wandaaaaaaaaaa'}	0	{'avengersendgame'}	0.5953575	0.5953574776649475	0.10020575672388077	0.10321144759654999	0.1008346751332283	0.10039067268371582	-0.47967304571430325	0.6784037480574052
29	1579226429304078337	"wanda vs thanos , bruiuuhh \you willl\"" #avengersendgame"""	{'avengersendgame', 'bruiuuhh', 'vs', 'willl\\', 'thanos', 'wanda', '\\you'}	2	{'avengersendgame'}	0.7131593	0.03364228084683418	0.18437951803207397	0.7131593227386475	0.034113939851522446	0.03470494970679283	-1.1049686816702953	-1.3265427074381235
30	1579226426800508928	mommy wanda #avengersendgame	{'avengersendgame', 'wanda', 'mommy'}	1	set()	0.58967346	0.25794389843940735	0.5896734595298767	0.05172751843929291	0.05044623091816902	0.050208915024995804	1.0052675461626404	-0.4633847982250297
31	1579225019900891136	buckyyyyyy. wshhh #avengersendgame	{'avengersendgame', 'buckyyyyyy', 'wshhh'}	0	{'avengersendgame'}	0.59534323	0.5953432321548462	0.10020580142736435	0.10322537273168564	0.10083488374948502	0.10039076209068298	-0.4796903249453915	0.678364900117827
32	1579224900459384833	chadwick #avengersendgame	{'avengersendgame', 'chadwick'}	2	{'avengersendgame'}	0.73135537	0.06813236325979233	0.0667412206530571	0.7313553690910339	0.06696362048387527	0.06680745631456375	-1.4357674642342564	-1.041262715514433
33	1579224708683567104	"\on your left\"" #avengersendgame"""	{'avengersendgame', 'left\\', '\\on'}	2	{'avengersendgame'}	0.79908293	0.0506431944668293	0.050066277384757996	0.7990829348564148	0.05014041066169739	0.05006716772913933	-1.6003234524749093	-1.211577409299855
34	1579224704967389185	on your left #avengersendgame	{'leave', 'avengersendgame'}	0	{'avengersendgame'}	0.72720253	0.7272025346755981	0.06818554550409317	0.06896860152482986	0.06780876219272614	0.06783456355333328	-0.5878867129986693	0.8104383354696212
35	1579222686521511939	why didn't the #avengers just go back in time right before thanos destroyed the stones? #avengersendgame	{'avengersendgame', 'avenger', 'time', 'stone', 'thano', 'destroy', 'right'}	2	{'avengersendgame'}	0.89790624	0.02590947411954403	0.02526172436773777	0.8979062438011169	0.02548198774456978	0.025440551340579987	-1.8420926667095354	-1.4591006358402105
36	1579221428448428032	also, when iron man got to talk to his father man, shit #avengersendgame angels helped make this movie cuz yeah	{'avengersendgame', 'help', 'man', 'movie', 'yeah', 'talk', 'cuz', 'angel', 'father', 'iron', 'shit'}	3	{'man'}	0.30202433	0.01573655568063259	0.2057790607213974	0.20718567073345184	0.30202433466911316	0.26927441358566284	0.02910345861624824	0.37519236823637153
37	1579221117373669376	i needed that #avengersendgame opened up feelings i've been ignoring. sounds crazy but when thor got a second to talk to his mother again and she told him he was worthy let's just say it's been a long time coming	{'avengersendgame', 'long', 'need', 'mother', 'let', 'ignore', 'open', 'time', 'come', 'crazy', 'talk', 'tell', 'thor', 'second', 'feeling', 'sound', 'worthy'}	2	{'avengersendgame', 'thor'}	0.57530904	0.011335689574480057	0.011516381055116653	0.5753090381622314	0.011403639800846577	0.39043521881103516	-1.3816496071262758	-0.35205824063870594
38	1579220650514067456	tonystark >>> all avengers #avengersendgame	{'avengersendgame', 'avenger', '>', 'tonystark'}	2	{'avengersendgame'}	0.8853236	0.02882317639887333	0.028584925457835197	0.8853235840797424	0.028670448809862137	0.028597882017493248	-1.8107323663500643	-1.4279443439432704
39	1579220377532006401	thor me fume #avengersendgame	{'avengersendgame', 'fume', 'thor'}	2	{'avengersendgame', 'thor'}	0.79896134	0.05067899823188782	0.050145119428634644	0.798961341381073	0.05014295503497124	0.0500715933740139	-1.5999223651690229	-1.2114291027632311
40	1579217541641121792	tony et howard #avengersendgame	{'tony', 'avengersendgame', 'et', 'howard'}	2	{'avengersendgame'}	0.8384919	0.04048387333750725	0.04012167453765869	0.8384919166564941	0.04071865603327751	0.04018384963274002	-1.6963747230225812	-1.3098432239213222
41	1579217195556835329	omg carter #avengersendgame	{'avengersendgame', 'omg', 'carter'}	2	{'avengersendgame'}	0.7976232	0.051025375723838806	0.05075633153319359	0.7976232171058655	0.050209783017635345	0.050385307520627975	-1.5961628515766408	-1.2089945550531505
42	1579216630894452736	les starks #avengersendgame	{'avengersendgame', 'le', 'stark'}	2	{'avengersendgame'}	0.51224464	0.05103575065732002	0.05006140097975731	0.5122446417808533	0.05116293951869011	0.3354952931404114	-1.1474694761799098	-0.26589732241418745
43	1579216537810243584	#avengersendgame ne vaut pas le infinity war...	{'avengersendgame', 'infinity', 'le', 'vaut', 'war', 'pas', 'ne'}	3	set()	0.45489764	0.44394099712371826	0.033396199345588684	0.033693283796310425	0.4548976421356201	0.0340719111263752	-0.1487940857353049	1.2999780491389998
44	1579216087920816128	ah stan lee...#avengersendgame	{'ah', '#avengersendgame', 'lee', 'stan'}	1	set()	0.4960854	0.04126625508069992	0.49608540534973145	0.04131712764501572	0.38131898641586304	0.04001228138804436	1.1653298678761677	0.06812089956323603
45	1579214013317009409	rocket #avengersendgame	{'rocket', 'avengersendgame'}	2	{'avengersendgame'}	0.7306964	0.06879184395074844	0.06674110889434814	0.7306963801383972	0.06696339696645737	0.066807322204113	-1.434930458133391	-1.0394180889800175
46	1579211560924639232	that #redeemteam movie is the hoopers equivalent to the #avengersendgame i'm in here really genuinely smiling like it's happening right now	{'avengersendgame', 'happen', 'equivalent', 'movie', 'genuinely', 'redeemteam', 'hooper', 'smile', 'right'}	2	{'avengersendgame', 'movie'}	0.42705694	0.025653287768363953	0.298635333776474	0.4270569384098053	0.22307951748371124	0.02557486854493618	-0.1440343391614893	-0.6581704068110362
47	1579209832959463424	loki my love i missed you #avengersendgame	{'love', 'avengersendgame', 'miss', 'loki'}	2	{'avengersendgame'}	0.83755255	0.0407264269888401	0.0405709370970726	0.837552547454834	0.04082765430212021	0.040322449058294296	-1.6936164875420228	-1.3081735212796366
48	1579209122213658625	"\that's america's ass\"" #avengersendgame"""	{'avengersendgame', '\\that', 'ass\\', 'america'}	2	{'avengersendgame'}	0.8387161	0.04063396900892258	0.04040409252047539	0.8387160897254944	0.04018520191311836	0.040060609579086304	-1.6965354996054223	-1.311677731308909
49	1579208431508258816	"\ i love you 3000\"" #avengersendgame"""	{'love', '3000\\', 'avengersendgame'}	0	{'avengersendgame'}	0.79784304	0.7978430390357971	0.05048418417572975	0.05123291537165642	0.05020257085561752	0.05023733898997307	-0.6482456937642425	0.8808252836683288
50	1579207306667229184	nan thor #avengersendgame	{'avengersendgame', 'nan', 'thor'}	0	{'avengersendgame'}	0.46361715	0.46361714601516724	0.05003820359706879	0.3861270844936371	0.05014188587665558	0.05007564276456833	-1.0754582237268224	-0.05559712626804807
51	1579206013122924546	rocket #avengersendgame	{'rocket', 'avengersendgame'}	2	{'avengersendgame'}	0.7306716	0.06881648302078247	0.06674112379550934	0.7306715846061707	0.06696347147226334	0.0668073520064354	-1.434898755787029	-1.0393486840477224
52	1579205707026821121	thor me fume #avengersendgame	{'avengersendgame', 'fume', 'thor'}	2	{'avengersendgame', 'thor'}	0.7989572	0.05068308115005493	0.050145141780376434	0.7989572286605835	0.05014296993613243	0.0500716008245945	-1.599917058297591	-1.211417614566738
53	1579205355426680833	thor #avengersendgame	{'avengersendgame', 'thor'}	2	{'avengersendgame', 'thor'}	0.7313583	0.06811586767435074	0.06674336642026901	0.7313582897186279	0.0669674500823021	0.06681500375270844	-1.4357571988994664	-1.0412693628146423
54	1579204444813918209	clint #avengersendgame	{'avengersendgame', 'clint'}	0	{'avengersendgame'}	0.7313444	0.7313444018363953	0.06672700494527817	0.06817228347063065	0.066951222717762	0.06680511683225632	-0.5927941267567609	0.8150773829819015
55	1579196920274509824	#avengersendgame need revoir morgan	{'avengersendgame', 'need', 'morgan', 'revoir'}	2	{'avengersendgame'}	0.4668478	0.3809308111667633	0.0506683848798275	0.46684780716896057	0.05078788474202156	0.05076509714126587	-1.1750739029008324	-0.28223374342014546
56	1579195230259392513	le ragondin #avengersendgame	{'avengersendgame', 'le', 'ragondin'}	4	set()	0.4444983	0.35085737705230713	0.0668107345700264	0.06918101012706757	0.06865260750055313	0.44449830055236816	-0.4765932121154395	1.001266187855604
57	1579190175976292352	let's go ! #avengersendgame @tf1 @marvelfr	{'avengersendgame', 'tf1', 'marvelfr', 'let'}	2	{'avengersendgame'}	0.7977496	0.050845056772232056	0.050326790660619736	0.7977495789527893	0.05051935091614723	0.05055919289588928	-1.5971791682897352	-1.2079352724727268
58	1579158518258577408	sorry but i can't be the only one who sees joe biden when they age chris evans in #avengersendgame	{'avengersendgame', 'biden', 'joe', 'chris', 'see', 'age', 'sorry', 'evans'}	0	{'avengersendgame'}	0.6555814	0.6555814146995544	0.022916194051504135	0.2764395773410797	0.022573165595531464	0.02248968370258808	-1.0640227166651033	0.28241030826743474
59	1578446124527980544	but thanos was powerful. #avengersendgame	{'avengersendgame', 'powerful', 'thanos'}	2	{'avengersendgame'}	0.5476191	0.050970058888196945	0.05084383487701416	0.547619104385376	0.050568968057632446	0.299998015165329	-1.2016280441564966	-0.38500663794851947
60	1578343075608682496	#avatar, #avengersendgame are also@made on large scale and also for theatre experience but it doesn't mean they will not look good in 2d nd tv #adipurush team should notice that nd make good vfx	{'avengersendgame', 'scale', 'adipurush', 'vfx', 'alsomade', 'experience', 'large', 'avatar', 'good', 'theatre', 'notice', 'look', '2d', 'mean', 'nd', 'team', 'tv'}	4	{'good'}	0.3787148	0.26221808791160583	0.3363893926143646	0.011376956477761269	0.011300742626190186	0.37871479988098145	0.3279803336818648	0.4113367949581609
61	1578167136538820609	the #mcu should have stopped after #avengersendgame #marvel	{'avengersendgame', 'stop', 'marvel', 'mcu'}	4	{'marvel'}	0.7049965	0.042204249650239944	0.04075818881392479	0.1711808294057846	0.04086018726229668	0.7049965262413025	-0.6435682072186907	0.8871417300985401
62	1577891492504702978	like seriously kevin..... you changed the name of atlantis to taloken. i know u like that ur own touch kind off stuffs but bruh that's too much...... you guys literally changed namor's whole origin story... #wakandaforever #blackpanther2 #avengers #marvel #avengersendgame	{'marvel', 'avengersendgame', 'change', 'touch', 'avenger', 'ur', 'story', 'atlantis', 'origin', 'kind', 'namor', 'seriously', 'guy', 'kevin', 'blackpanther2', 'u', 'literally', 'taloken', 'bruh', 'stuff', 'wakandaforever', 'know'}	4	{'marvel'}	0.40761992	0.22197076678276062	0.0	0.0	0.35255858302116394	0.4076199233531952	-0.21582723827808079	1.5593333034802666
63	1577292164320882689	just watched #avengersendgame again and literally my eyes were in tear again. got goosebumps when i saw natasha and tony dying. the marvel has actually set a benchmark where no movie can beat this one. will miss you #ironman,#captainamerica and #blackwidow everytime.	{'avengersendgame', 'marvel', 'die', 'miss', 'see', 'beat', 'blackwidow', 'benchmark', 'tony', 'watch', 'actually', 'tear', 'everytime', 'goosebump', 'eye', 'literally', 'set', 'movie', 'ironman,#captainamerica', 'natasha'}	2	{'avengersendgame', 'watch', 'movie'}	0.74572253	0.010367438197135925	0.22329163551330566	0.7457225322723389	0.010309824720025063	0.010308540426194668	-1.065875059705323	-1.546480096345044
64	1577195705793662976	highest grossing movie in the world 1. #avatar -$2.9b 2. #avengersendgame- $2.79b 3. #titanic - $2.2b 4. #starwarstheforceawakens - $2.06b 5. #avengersinfinitywar - $2.04b 6. #spidermannowayhome - $1.97b	{'6', 'avengersendgame-', '2', 'starwarstheforceawaken', '1', 'avatar', '3', 'grossing', 'titanic', 'world', '2.2b', '2.04b', '2.79b', '2.06b', 'avengersinfinitywar', '-2.9b', '4', 'spidermannowayhome', 'movie', 'high', '1.97b', '5'}	0	{'movie'}	0.964895	0.9648950099945068	0.0	0.0	0.0	0.0	-0.7920024708499722	1.045932668818317
65	1577171858465886209	highest grossing movie in the world 1. #avatar -$2.9b 2. #avengersendgame- $2.79b 3. #titanic - $2.2b 4. #starwarstheforceawakens - $2.06b 5. #avengersinfinitywar - $2.04b 6. #spidermannowayhome - $1.97b	{'6', 'avengersendgame-', '2', 'starwarstheforceawaken', '1', 'avatar', '3', 'grossing', 'titanic', 'world', '2.2b', '2.04b', '2.79b', '2.06b', 'avengersinfinitywar', '-2.9b', '4', 'spidermannowayhome', 'movie', 'high', '1.97b', '5'}	0	{'movie'}	0.96489483	0.9648948311805725	0.0	0.0	0.0	0.0	-0.79200233046257	1.045932478106026
66	1577150615339163648	highest grossing movie in the world 1. #avatar -$2.9b 2. #avengersendgame- $2.79b 3. #titanic - $2.2b 4. #starwarstheforceawakens - $2.06b 5. #avengersinfinitywar - $2.04b 6. #spidermannowayhome - $1.97b	{'6', 'avengersendgame-', '2', 'starwarstheforceawaken', '1', 'avatar', '3', 'grossing', 'titanic', 'world', '2.2b', '2.04b', '2.79b', '2.06b', 'avengersinfinitywar', '-2.9b', '4', 'spidermannowayhome', 'movie', 'high', '1.97b', '5'}	0	{'movie'}	0.96489584	0.9648958444595337	0.0	0.0	0.0	0.0	-0.7920031259911818	1.0459335588090057
67	1577054638268088321	when i tell people the og6 avengers survived the snap of thanos...the 5 seconds of perplexed/concentration sure is worth it. i mean ya welcome!! #avengersinfinitywar #marvelstudios #avengersendgame #facts	{'avengersendgame', 'avenger', 'og6', 'worth', 'survive', 'welcome', 'tell', 'second', 'thano', 'snap', 'avengersinfinitywar', 'fact', 'mean', 'marvelstudio', 'perplex', 'people', 'concentration', 'sure', '5'}	2	{'avengersendgame'}	0.6624186	0.12997974455356598	0.011366529390215874	0.6624186038970947	0.18485711514949799	0.011377952992916107	-1.3791531246612727	-0.640191525062262
68	1577046011322765323	#avengers4 #avengersendgame #capta this is quite a heavy hand with the union.	{'avengersendgame', 'heavy', 'union', 'capta', 'hand', 'avengers4'}	2	{'avengersendgame'}	0.88487417	0.028833314776420593	0.02878483384847641	0.884874165058136	0.02879801206290722	0.02870968170464039	-1.8093453810834081	-1.4270229610543894
69	1576989264373764096	highest grossing movie in the world 1. #avatar -$2.9b 2. #avengersendgame- $2.79b 3. #titanic - $2.2b 4. #starwarstheforceawakens - $2.06b 5. #avengersinfinitywar - $2.04b 6. #spidermannowayhome - $1.97b	{'6', 'avengersendgame-', '2', 'starwarstheforceawaken', '1', 'avatar', '3', 'grossing', 'titanic', 'world', '2.2b', '2.04b', '2.79b', '2.06b', 'avengersinfinitywar', '-2.9b', '4', 'spidermannowayhome', 'movie', 'high', '1.97b', '5'}	0	{'movie'}	0.9648959	0.9648959040641785	0.0	0.0	0.0	0.0	-0.7920031727869827	1.0459336223797697
70	1576963184103411713	highest grossing movie in the world 1. #avatar -$2.9b 2. #avengersendgame- $2.79b 3. #titanic - $2.2b 4. #starwarstheforceawakens - $2.06b 5. #avengersinfinitywar - $2.04b 6. #spidermannowayhome - $1.97b	{'6', 'avengersendgame-', '2', 'starwarstheforceawaken', '1', 'avatar', '3', 'grossing', 'titanic', 'world', '2.2b', '2.04b', '2.79b', '2.06b', 'avengersinfinitywar', '-2.9b', '4', 'spidermannowayhome', 'movie', 'high', '1.97b', '5'}	0	{'movie'}	0.9648952	0.9648951888084412	0.0	0.0	0.0	0.0	-0.7920026112373741	1.0459328595306074
71	1576931217043165185	highest grossing movie in the world 1. #avatar -$2.9b 2. #avengersendgame- $2.79b 3. #titanic - $2.2b 4. #starwarstheforceawakens - $2.06b 5. #avengersinfinitywar - $2.04b 6. #spidermannowayhome - $1.97b	{'6', 'avengersendgame-', '2', 'starwarstheforceawaken', '1', 'avatar', '3', 'grossing', 'titanic', 'world', '2.2b', '2.04b', '2.79b', '2.06b', 'avengersinfinitywar', '-2.9b', '4', 'spidermannowayhome', 'movie', 'high', '1.97b', '5'}	0	{'movie'}	0.96489507	0.9648950695991516	0.0	0.0	0.0	0.0	-0.7920025176457727	1.04593273238908
72	1576896032000004096	highest grossing movie in the world 1. #avatar -$2.9b 2. #avengersendgame- $2.79b 3. #titanic - $2.2b 4. #starwarstheforceawakens - $2.06b 5. #avengersinfinitywar - $2.04b 6. #spidermannowayhome - $1.97b	{'6', 'avengersendgame-', '2', 'starwarstheforceawaken', '1', 'avatar', '3', 'grossing', 'titanic', 'world', '2.2b', '2.04b', '2.79b', '2.06b', 'avengersinfinitywar', '-2.9b', '4', 'spidermannowayhome', 'movie', 'high', '1.97b', '5'}	0	{'movie'}	0.9648953	0.9648953080177307	0.0	0.0	0.0	0.0	-0.7920027048289756	1.045932986672134
73	1576884740065411072	highest grossing movie in the world 1. #avatar -$2.9b 2. #avengersendgame- $2.79b 3. #titanic - $2.2b 4. #starwarstheforceawakens - $2.06b 5. #avengersinfinitywar - $2.04b 6. #spidermannowayhome - $1.97b	{'6', 'avengersendgame-', '2', 'starwarstheforceawaken', '1', 'avatar', '3', 'grossing', 'titanic', 'world', '2.2b', '2.04b', '2.79b', '2.06b', 'avengersinfinitywar', '-2.9b', '4', 'spidermannowayhome', 'movie', 'high', '1.97b', '5'}	0	{'movie'}	0.9648949	0.9648948907852173	0.0	0.0	0.0	0.0	-0.7920023772583697	1.045932541676789
74	1576884425131819008	highest grossing movie in the world 1. #avatar -$2.9b 2. #avengersendgame- $2.79m 3. #titanic - $2.2b 4. #starwarstheforceawakens - $2.06b 5. #avengersinfinitywar - $2.04b 6. #spidermannowayhome - $1.97m	{'6', 'avengersendgame-', '2', 'starwarstheforceawaken', '1', 'avatar', 'm', '1.97', '3', 'grossing', 'titanic', 'world', '2.2b', '2.04b', 'avengersinfinitywar', '2.06b', '-2.9b', '4', 'spidermannowayhome', '2.79', 'movie', 'high', '5'}	0	{'m', 'movie'}	0.9663616	0.9663615822792053	0.0	0.0	0.0	0.0	-0.7931538815267741	1.047496827455013
75	1576774272953057280	#avengersendgame is the best movie i've ever seen in my life. the effects were great and the acting was phenomenal. thank you marvel for making this movie!	{'avengersendgame', 'marvel', 'act', 'phenomenal', 'life', 'thank', 'good', 'movie', 'effect', 'make', 'see', 'great'}	1	{'movie'}	0.41425055	0.014653467573225498	0.41425055265426636	0.1922992616891861	0.014497323893010616	0.3642994165420532	0.33664614549630645	-0.2935374302125933
76	1576581631661383681	you just can't cry during the end of #endgame #avengersendgame. there's never going to be a hero like tony stark. i want no tony variants in #avengerssecretwars	{'avengersendgame', 'end', 'stark', 'go', 'endgame', 'tony', 'variants', 'avengerssecretwar', 'hero', 'cry'}	2	{'avengersendgame'}	0.77656424	0.01848495751619339	0.018484605476260185	0.7765642404556274	0.16802921891212463	0.018437020480632782	-1.5224974788797607	-0.9878681137382084
77	1576443750976393218	"girls in pop culture fandoms are so weird. they'll say shit like \omg #jefferydahmer never got to see #avengersendgame! he would've loved steve and bucky!!\"" like what??!"""	{'avengersendgame', 'weird', 'love', 'jefferydahmer', 'steve', 'bucky\\', 'pop', 'fandom', 'culture', '\\omg', 'girl', 'shit'}	2	{'avengersendgame'}	0.628815	0.3158816993236542	0.01846476085484028	0.6288149952888489	0.018462270498275757	0.018376221880316734	-1.532295241395154	-0.6982901628678657
78	1576129360708308992	#hgotys since year : 2015 2015 : #bahubali1 2016 : #dangal 2017 : #bahubali2 2018 : #2point0 2019 : #avengersendgame 2020 : #tanhaji 2021 : #pushpa 2022 : #kgfchapter2 only 2 #hgotys from #bollywood.	{'avengersendgame', 'kgfchapter2', '2', 'tanhaji', 'bahubali1', '2019', 'hgotys', 'pushpa', '2018', '2point0', '2015', '2021', 'dangal', '2017', '2020', 'bahubali2', 'bollywood', '2022', 'year', 'hgoty', '2016'}	0	{'avengersendgame', 'year'}	0.9634903	0.9634903073310852	0.0	0.0	0.0	0.0	-0.79089963421432	1.044434496634166
79	1575892516729389057	#thewomanking movie is the best movie i have seen since #avengersendgame so beautiful. #gbojito	{'thewomanke', 'avengersendgame', 'beautiful', 'good', 'gbojito', 'movie', 'see'}	4	{'good', 'movie'}	0.6762034	0.24653221666812897	0.0261223204433918	0.025738723576068878	0.02540329098701477	0.6762034296989441	-0.5327546339393434	1.303570974733551
80	1575557288630181888	happy #ponniyanselvan1 day to thamizh people all over the world. let's celebrate the chozha dynasty as indians & fall in love with kalki's vision. thanks for making it as a film mani sir previously the films for which i was this much excited are #enthiran & #avengersendgame	{'chozha', 'avengersendgame', 'enthiran', 'mani', 'day', 'dynasty', 'film', 'kalki', 'let', 'excited', 'indians', 'previously', 'celebrate', 'world', 'ponniyanselvan1', 'thank', 'love', 'fall', 'thamizh', 'vision', 'sir', 'happy', 'people', 'make'}	2	{'avengersendgame'}	0.96240973	0.0	0.0	0.9624097347259521	0.0	0.0	-2.013460270910716	-1.6505995848001813
81	1575416923193745409	i'm so excited to watch #ponniyinselvan in imax. last time i was so excited for a movie was #avengersendgame	{'avengersendgame', 'ponniyinselvan', 'watch', 'imax', 'time', 'movie', 'excited'}	1	{'watch', 'movie'}	0.89322615	0.027958905324339867	0.893226146697998	0.027468431740999222	0.025937799364328384	0.025408752262592316	1.927259172277147	-1.1842226762822123
82	1575249136986820617	#avengersendgame is still a classic	{'avengersendgame', 'classic'}	2	{'avengersendgame'}	0.7302129	0.06813698261976242	0.06742778420448303	0.730212926864624	0.06697145849466324	0.06725089997053146	-1.4320640067075456	-1.0395479709996938
83	1575095253111283712	gamora could be #shehulk #avengers #avengersendgame #marvel #marvelstudios #marvelsavengers #guardiansofthegalaxyvol3 #justiceleague #green	{'avengersendgame', 'marvel', 'marvelstudio', 'shehulk', 'green', 'avenger', 'marvelsavenger', 'gamora', 'guardiansofthegalaxyvol3', 'justiceleague'}	3	{'marvel'}	0.92577386	0.018588358536362648	0.01830270327627659	0.01877887360751629	0.9257738590240479	0.01855618506669998	0.44104265817684113	1.762008573889494
84	1574949551517368320	even after watching #avengersendgame again, i still never got what it was about that scene with all the female heroes protecting peter that got people so dang riled up about it.	{'avengersendgame', 'watch', 'dang', 'peter', 'rile', 'scene', 'protect', 'people', 'hero', 'female'}	3	set()	0.3600075	0.02109590359032154	0.020407475531101227	0.31335726380348206	0.36000749468803406	0.28513187170028687	-0.5930352876311572	0.5956903393638184
85	1574941247663669249	the score. the musical accompaniments. all of it. every. time #avengersendgame	{'avengersendgame', 'musical', 'score', 'time', 'accompaniment'}	1	set()	0.5410899	0.33711764216423035	0.5410898923873901	0.041123755276203156	0.04037515074014664	0.04029359295964241	0.8534094112925613	-0.3259721613726652
86	1574873580319416349	you thought #avengersendgame had the biggest crossover in existence! finally @realhughjackman is gearing up as wolverine with @vancityreynolds in #deadpool3 !!! im fucking exited!!!!	{'avengersendgame', 'crossover', 'fucking', 'gear', 'vancityreynold', 'think', 'exit', 'wolverine', 'big', 'deadpool3', 'finally', 'existence', 'realhughjackman'}	3	set()	0.47784767	0.016923068091273308	0.01761268451809883	0.47051915526390076	0.4778476655483246	0.01709744520485401	-0.7273531396980032	0.12715933859571749
87	1574622207895953408	the saddest part of #avengersendgame is that stark never did get that quick slice...	{'avengersendgame', 'quick', 'slice', 'saddest', 'stark'}	2	{'avengersendgame'}	0.86511326	0.033866897225379944	0.03340362384915352	0.8651132583618164	0.03405233100056648	0.03356391191482544	-1.7616412248075222	-1.3764445119314495
88	1574577237608767505	watching #avengersendgame on tnt	{'avengersendgame', 'watch', 'tnt'}	2	{'avengersendgame', 'watch'}	0.7968799	0.05086607113480568	0.051329027861356735	0.7968798875808716	0.05034604296088219	0.05057895928621292	-1.5932223981380118	-1.2081311338890537
89	1574559567660584960	i didn't need to see pics from tony's deah in #avengersendgame tonight.	{'avengersendgame', 'deah', 'need', 'tonight', 'pic', 'tony'}	2	{'avengersendgame'}	0.68003386	0.23255324363708496	0.0296198558062315	0.6800338625907898	0.028931166976690292	0.02886185050010681	-1.5461702919083644	-0.8555481980743775
90	1574558453791477760	how the hell barton isn't the one to die in #avengersendgame continues to baffle me.	{'avengersendgame', 'continue', 'die', 'hell', 'baffle', 'barton'}	1	set()	0.47054502	0.4412066638469696	0.4705450236797333	0.029662003740668297	0.02910073660314083	0.02948557399213314	0.633420127927964	-0.13289831468070723
91	1574404413128581120	good morning to everyone except those who believe that being a @marvelstudios nerd is childish. #goodmorning #goodmorningfriends #avengers #thor #ironman #hulk #captainamerica #blackpanther2 #usa #usmle #psychtwitter #ecfmg #nrmp #medtwitter #marvelcomics #avengersendgame	{'psychtwitter', 'avengersendgame', 'usa', 'avenger', 'morning', 'thor', 'nrmp', 'marvelstudios', 'goodmorne', 'childish', 'ecfmg', 'nerd', 'ironman', 'medtwitter', 'hulk', 'blackpanther2', 'goodmorningfriend', 'believe', 'good', 'captainamerica', 'marvelcomic', 'usmle'}	2	{'avengersendgame', 'thor'}	0.66070455	0.011258146725594997	0.011485389433801174	0.6607045531272888	0.1161777600646019	0.20037414133548737	-1.4097808186025824	-0.5986523485780275
92	1574229238072627200	instead of releasing sequels to #avatar. they should release the first movie again after every 5 years or whenever a movie becomes highest grossing movie, just like #avengersendgame did. #avatarthewayofwater #avatar ...... infinity....	{'avengersendgame', 'infinity', 'sequel', 'avatarthewayofwater', 'avatar', 'release', 'movie', 'instead', 'high', 'year', 'grossing', '5'}	0	{'avengersendgame', 'year', 'movie'}	0.9517608	0.9517608284950256	0.011949706822633743	0.011923208832740784	0.011939696036279202	0.012426548637449741	-0.7785154880217627	1.0363133335189958
93	1574151268032978946	everytime i rewatch #avengersendgame final battle scene, i literally start balling. damn that's some good cinema.	{'avengersendgame', 'rewatch', 'good', 'start', 'cinema', 'scene', 'damn', 'final', 'everytime', 'literally', 'battle', 'ball'}	2	{'avengersendgame'}	0.5509544	0.01566082052886486	0.4020678699016571	0.5509544014930725	0.015560789965093136	0.01575615257024765	-0.2613421031594772	-1.4395381345009794
94	1574126890947940352	#avengersendgame question - besides rdj being to expensive why tf didnt dr strange pick up the time stone and save tony stark? like wtf, he had all the stones plus captain marvel there too she could of handle another snap. it hasn't been the same without rdj @marvelstudios	{'avengersendgame', 'marvel', 'not', 'pick', 'handle', 'time', 'tony', 'rdj', 'question', 'expensive', 'snap', 'stone', 'save', 'plus', 'wtf', 'stark', 'marvelstudio', 'captain', 'strange', 'dr', 'tf'}	2	{'avengersendgame'}	0.8087988	0.0	0.16563846170902252	0.8087987899780273	0.0	0.0	-1.3195791551296496	-1.6203718144424042
95	1574094065540673536	box office records that #avatar2 should be chasing: domestic: lifetime- #starwars7 $936.6m opening day- #avengersendgame $157.4m opening weekend- #avengersendgame $357.1m overseas: lifetime - #avatar $2.1 billion* ww: lifetime- #avatar $2.87 billion* #jamescameron	{'avengersendgame', 'overseas', 'ww', 'starwars7', '357.1', 'jamescameron', 'lifetime', 'domestic', 'avatar', 'day-', '936.6', 'm', 'avatar2', 'chasing', 'weekend-', 'open', '2.87', 'record', 'box', 'lifetime-', '157.4', '2.1', 'office', 'billion'}	0	{'avengersendgame', 'm'}	0.7110695	0.7110695242881775	0.0	0.26546645164489746	0.0	0.0	-1.1386010585446311	0.3152809418035075
96	1573689075495997441	#shehulkattorneyatlaw is literally a big boring show. no constant story line, poor cgi and poor acting. #marvelstudios is really doing poor after #avengersendgame specially their series' are way too poor...	{'avengersendgame', 'shehulkattorneyatlaw', 'marvelstudio', 'line', 'poor', 'constant', 'acting', 'series', 'story', 'boring', 'way', 'specially', 'big', 'cgi', 'literally'}	4	set()	0.71251607	0.010709826834499836	0.010725241154432297	0.17322716116905212	0.09282167255878448	0.7125160694122314	-0.6673722606264136	1.0030404130496624
97	1573245892525969410	bigger than #avengersendgame, #baahubali, #kgf and #war - #brahmastra third friday's morning show open to occupancy of 90%	{'avengersendgame', 'friday', '90', 'kgf', 'occupancy', 'war', 'baahubali', 'brahmastra', 'morning', 'open', 'big'}	0	{'avengersendgame'}	0.9312182	0.9312182068824768	0.017282092943787575	0.017351770773530006	0.017041439190506935	0.017106445506215096	-0.7608977857686707	1.0143932603214396
98	1573036412978470915	there are 12 am shows for #brahmastra now which means round the clock shows. this last happened during the opening weekend of #avengersendgame in #india and #astraverse is doing this on the 15th day. #nationalcinemaday2022	{'avengersendgame', '15th', 'happen', 'astraverse', 'clock', 'brahmastra', '12', 'open', 'show', 'round', 'mean', 'weekend', 'india', 'day', 'nationalcinemaday2022'}	3	set()	0.7099328	0.25433653593063354	0.011890260502696037	0.01198035478591919	0.709932804107666	0.011860056780278683	0.14291182243149805	1.6147267005884018
99	1573003053824757760	#avengersinfinitywar and #avengersendgame movies of the decade	{'avengersinfinitywar', 'avengersendgame', 'decade', 'movie'}	0	{'avengersendgame', 'movie'}	0.83814347	0.8381434679031372	0.04058873653411865	0.04050736501812935	0.040241364389657974	0.04051906615495682	-0.681077697213469	0.9224034030008861
100	1572818282746462208	did you see #avengersendgame only once in theaters?	{'avengersendgame', 'theater'}	0	{'avengersendgame'}	0.7265957	0.7265956997871399	0.06870430707931519	0.0684259831905365	0.06935972720384598	0.06691428273916245	-0.5838375255971594	0.8114933302834836
101	